<?xml version="1.0" encoding="UTF-8"?>
    <addon id="repository.turtlestv" name="TurtlesTV Repo" version="4.1.4" provider-name="Turtle">
        <extension point="xbmc.addon.repository" name="TurtlesTV Repo">
         <info compressed="false">https://turtlestv.net/zips/addons.xml</info>
        <checksum>https://turtlestv.net/zips/addons.xml.md5</checksum>
        <datadir zip="true">https://turtlestv.net/zips/</datadir>
        </extension>
        <extension point="xbmc.addon.metadata">
            <summary>TurtlesTV is a educational add-on. We do not host any of the contents streamed.</summary>
            <description>.</description>
            <platform>all</platform>
    </extension>
</addon>