<?xml version="1.0" encoding="UTF-8" standalone="yes"?>
<addon id="plugin.program.turtlestv" name="[COLORgreen]Turtles TV Wizard[/COLOR]" version="4.1.11" provider-name="Turtle">
  <requires>
    <import addon="xbmc.python" version="2.1.0"/>
  </requires>
  <extension point="xbmc.python.pluginsource" library="default.py">
    <provides>executable</provides>
  </extension>
  <extension point="xbmc.service" library="startup.py" start="startup" />
  <extension point="xbmc.addon.metadata">
    <summary lang="en">TurtlesTV</summary>
    <description lang="en">Blah...Blah...Blah...</description>
    <platform>all</platform>
  </extension>
</addon>
