<?xml version="1.0" encoding="UTF-8"?>
    <addon id="repository.turtlestv" name="TurtlesTV Repo" version="4.1.2" provider-name="Turtle">
        <extension point="xbmc.addon.repository" name="TurtlesTV Repo">
                  <dir>
            <info compressed="false">https://raw.githubusercontent.com/turtlestv/zips/master/addons.xml</info>
            <checksum>https://raw.githubusercontent.com/turtlestv/zips/master/addons.xml.md5</checksum>
            <datadir zip="true">https://raw.githubusercontent.com/turtlestv/zips/master/</datadir>
        </dir>
        <dir>
            <info compressed="false">https://raw.githubusercontent.com/jsergio123/zips/master/addons.xml</info>
            <checksum>https://raw.githubusercontent.com/jsergio123/zips/master/addons.xml.md5</checksum>
            <datadir zip="true">https://raw.githubusercontent.com/jsergio123/zips/master/</datadir>
        </dir>
        <dir>
            <info compressed="false">https://turtlestv.net/ttv/addons.xml</info>
        <checksum>https://turtlestv.net/ttv/addons.xml.md5</checksum>
        <datadir zip="true">https://turtlestv.net/ttv/</datadir>
    </dir>
        </extension>
        <extension point="xbmc.addon.metadata">
            <summary>TurtlesTV is a educational add-on. We do not host any of the contents streamed.</summary>
            <description>.</description>
            <platform>all</platform>
    </extension>
</addon>