<?xml version="1.0" encoding="UTF-8"?>
    <addon id="repository.turtlestv" name="TurtlesTV Repo" version="4.1.2" provider-name="Turtle">
        <requires>
            <import addon="xbmc.addon" version="12.0.0"/>
        </requires>
        <extension point="xbmc.addon.repository" name="TurtlesTV Repo">
              <info compressed="false">https://turtlestv.net/ttv/addons.xml</info>
        <checksum>https://turtlestv.net/ttv/addons.xml.md5</checksum>
        <datadir zip="true">https://turtlestv.net/ttv/</datadir>
            <hashes>false</hashes>
        </extension>
        <extension point="xbmc.addon.metadata">
            <summary>TurtlesTV is a educational add-on. We do not host any of the contents streamed.</summary>
            <description>.</description>
            <platform>all</platform>
    </extension>
</addon>