<?xml version="1.0" encoding="UTF-8" standalone="yes"?>
	<addon id="repository.ttv" name="[COLORgreen]Turtles TV Repo[/COLOR]" version="0.0.3" provider-name="Turtle">
	<extension point="xbmc.addon.repository" name="[COLORgreen]Turtles TV Repo[/COLOR]">
		<dir>
			<info compressed="false">https://raw.githubusercontent.com/turtlestv/zips/master/addons.xml</info>
			<checksum>https://raw.githubusercontent.com/turtlestv/zips/master/addons.xml.md5</checksum>
			<datadir zip="true">https://raw.githubusercontent.com/turtlestv/zips/master/</datadir>
		</dir>
		<dir>
			<info compressed="false">https://raw.githubusercontent.com/jsergio123/zips/master/addons.xml</info>
			<checksum>https://raw.githubusercontent.com/jsergio123/zips/master/addons.xml.md5</checksum>
			<datadir zip="true">https://raw.githubusercontent.com/jsergio123/zips/master/</datadir>
		</dir>
	</extension>
	<extension point="xbmc.addon.metadata">
		<summary lang="en">TurtlesTV is a educational add-on. We do not host any of the contents streamed.</summary>
		<description lang="en">TurtlesTV is a educational add-on. We do not host any of the contents streamed.</description>
		<platform>all</platform>
	</extension>
</addon>
